"2022-08-26 10:15:19",63089d36ece4f,,eyJhbGciOiJIUzI1NiIsInR5cCI6IkpXVCJ9.eyJzdWIiOiIxMjM0NTY3ODkwIiwibmFtZSI6Ik91dGJvdW5kLXRlc3QiLCJpYXQiOjE1MTYyMzkwMjJ9.EsfnwKJ9jR4loC4Plz0Udl-W_60lFvdTpPDvT_1H7Bg,+916282950307,+912262604715,"[{""CONNECT_GROUP"":{""participants"":[{""number"":""+916282950307"",""callerId"":""+912262604747""}]}},{""HANGUP"":""true""}]","{""guId"":""91E7261C-0357-EA11-A811-000D3A0A91461"",""dealerCode"":""6115"",""customerMobile"":""8138961334"",""complianceAgentId"":""123455""}","{""status"":""failure"",""requestId"":""63089d36ece4f"",""error"":""{\"message\":\"Application not found\"}""}",404,0.46537899971008
"2022-08-26 10:16:31",63089d7e93d20,,eyJhbGciOiJIUzI1NiIsInR5cCI6IkpXVCJ9.eyJzdWIiOiIxMjM0NTY3ODkwIiwibmFtZSI6Ik91dGJvdW5kLXRlc3QiLCJpYXQiOjE1MTYyMzkwMjJ9.EsfnwKJ9jR4loC4Plz0Udl-W_60lFvdTpPDvT_1H7Bg,,,"[{""CONNECT_GROUP"":{""participants"":[{""number"":""+916282950307"",""callerId"":""+912262604747""}]}},{""HANGUP"":""true""}]",,"{""error"":{""callerNumber"":""Caller Number empty"",""callerId"":""Caller Id empty""}}",400,0.43339490890503
"2022-08-26 10:20:10",63089e59e825b,iO4RNPidnTpJUmCCvry5v,eyJhbGciOiJIUzI1NiIsInR5cCI6IkpXVCJ9.eyJzdWIiOiIxMjM0NTY3ODkwIiwibmFtZSI6Ik91dGJvdW5kLXRlc3QiLCJpYXQiOjE1MTYyMzkwMjJ9.EsfnwKJ9jR4loC4Plz0Udl-W_60lFvdTpPDvT_1H7Bg,+916282950307,+912262604715,"[{""CONNECT_GROUP"":{""participants"":[{""number"":""+916282950307"",""callerId"":""+912262604747""}]}},{""HANGUP"":""true""}]","{""guId"":""91E7261C-0357-EA11-A811-000D3A0A91461"",""dealerCode"":""6115"",""customerMobile"":""8138961334"",""complianceAgentId"":""123455""}","{""status"":""success"",""requestId"":""63089e59e825b"",""callId"":""iO4RNPidnTpJUmCCvry5v""}",200,0.79285597801208
"2022-08-26 10:22:55",63089efed7e8c,zCBSeBHMotkW4ou2MULW7,eyJhbGciOiJIUzI1NiIsInR5cCI6IkpXVCJ9.eyJzdWIiOiIxMjM0NTY3ODkwIiwibmFtZSI6Ik91dGJvdW5kLXRlc3QiLCJpYXQiOjE1MTYyMzkwMjJ9.EsfnwKJ9jR4loC4Plz0Udl-W_60lFvdTpPDvT_1H7Bg,+916282950307,+912262604715,"[{""CONNECT_GROUP"":{""participants"":[{""number"":""+916282950307"",""callerId"":""+912262604747""}]}},{""HANGUP"":""true""}]","{""guId"":""91E7261C-0357-EA11-A811-000D3A0A91461"",""dealerCode"":""6115"",""customerMobile"":""8138961334"",""complianceAgentId"":""123455""}","{""status"":""success"",""requestId"":""63089efed7e8c"",""callId"":""zCBSeBHMotkW4ou2MULW7""}",200,0.34092497825623
"2022-08-29 05:29:08",630c4ea08ae14,AaYRlBAK9UBbgiQqQvwBh,eyJhbGciOiJIUzI1NiIsInR5cCI6IkpXVCJ9.eyJzdWIiOiIxMjM0NTY3ODkwIiwibmFtZSI6Ik91dGJvdW5kLXRlc3QiLCJpYXQiOjE1MTYyMzkwMjJ9.EsfnwKJ9jR4loC4Plz0Udl-W_60lFvdTpPDvT_1H7Bg,+916282950307,+912262604715,"[{""CONNECT_GROUP"":{""participants"":[{""number"":""+916282950307"",""callerId"":""+912262604747""}]}},{""HANGUP"":""true""}]","{""guId"":""91E7261C-0357-EA11-A811-000D3A0A91461"",""dealerCode"":""6115"",""customerMobile"":""8138961334"",""complianceAgentId"":""123455""}","{""status"":""success"",""requestId"":""630c4ea08ae14"",""callId"":""AaYRlBAK9UBbgiQqQvwBh""}",200,3.1869339942932
"2022-08-29 05:34:23",630c4fdfce1d7,QshL_YLL2x6UKfjmWTtSL,eyJhbGciOiJIUzI1NiIsInR5cCI6IkpXVCJ9.eyJzdWIiOiIxMjM0NTY3ODkwIiwibmFtZSI6Ik91dGJvdW5kLXRlc3QiLCJpYXQiOjE1MTYyMzkwMjJ9.EsfnwKJ9jR4loC4Plz0Udl-W_60lFvdTpPDvT_1H7Bg,+916282950307,+912262604715,"[{""CONNECT_GROUP"":{""participants"":[{""number"":""+916282950307"",""callerId"":""+912262604747""}]}},{""HANGUP"":""true""}]","{""guId"":""91E7261C-0357-EA11-A811-000D3A0A91461"",""dealerCode"":""6115"",""customerMobile"":""8138961334"",""complianceAgentId"":""123455""}","{""status"":""success"",""requestId"":""630c4fdfce1d7"",""callId"":""QshL_YLL2x6UKfjmWTtSL""}",200,0.11756491661072
"2022-08-29 05:57:52",630c555f331cb,iVtSzVNvu3qquZmWdXhUF,eyJhbGciOiJIUzI1NiIsInR5cCI6IkpXVCJ9.eyJzdWIiOiIxMjM0NTY3ODkwIiwibmFtZSI6Ik91dGJvdW5kLXRlc3QiLCJpYXQiOjE1MTYyMzkwMjJ9.EsfnwKJ9jR4loC4Plz0Udl-W_60lFvdTpPDvT_1H7Bg,+916282950307,+912262604715,"[{""CONNECT_GROUP"":{""participants"":[{""number"":""+916282950307"",""callerId"":""+912262604747""}]}},{""HANGUP"":""true""}]","{""guId"":""91E7261C-0357-EA11-A811-000D3A0A91461"",""dealerCode"":""6115"",""customerMobile"":""8138961334"",""complianceAgentId"":""123455""}","{""status"":""success"",""requestId"":""630c555f331cb"",""callId"":""iVtSzVNvu3qquZmWdXhUF""}",200,1.3582730293274
"2022-08-29 05:58:49",630c55996cbee,8dewqtvyc2pq4eKN3IITw,eyJhbGciOiJIUzI1NiIsInR5cCI6IkpXVCJ9.eyJzdWIiOiIxMjM0NTY3ODkwIiwibmFtZSI6Ik91dGJvdW5kLXRlc3QiLCJpYXQiOjE1MTYyMzkwMjJ9.EsfnwKJ9jR4loC4Plz0Udl-W_60lFvdTpPDvT_1H7Bg,+916282950307,+912262604715,"[{""CONNECT_GROUP"":{""participants"":[{""number"":""+916282950307"",""callerId"":""+912262604747""}]}},{""HANGUP"":""true""}]","{""guId"":""91E7261C-0357-EA11-A811-000D3A0A91461"",""dealerCode"":""6115"",""customerMobile"":""8138961334"",""complianceAgentId"":""123455""}","{""status"":""success"",""requestId"":""630c55996cbee"",""callId"":""8dewqtvyc2pq4eKN3IITw""}",200,0.12237191200256
"2022-08-29 06:02:33",630c567939b57,fclJD5mzjphAXZPz1sF-5,eyJhbGciOiJIUzI1NiIsInR5cCI6IkpXVCJ9.eyJzdWIiOiIxMjM0NTY3ODkwIiwibmFtZSI6Ik91dGJvdW5kLXRlc3QiLCJpYXQiOjE1MTYyMzkwMjJ9.EsfnwKJ9jR4loC4Plz0Udl-W_60lFvdTpPDvT_1H7Bg,+916282950307,+912262604715,"[{""CONNECT_GROUP"":{""participants"":[{""number"":""+916282950307"",""callerId"":""+912262604747""}]}},{""HANGUP"":""true""}]","{""guId"":""91E7261C-0357-EA11-A811-000D3A0A91461"",""dealerCode"":""6115"",""customerMobile"":""8138961334"",""complianceAgentId"":""123455""}","{""status"":""success"",""requestId"":""630c567939b57"",""callId"":""fclJD5mzjphAXZPz1sF-5""}",200,0.47007298469543
"2022-08-29 06:06:03",630c574ac90ed,AP5-kVjA72LwWpXzlILcA,eyJhbGciOiJIUzI1NiIsInR5cCI6IkpXVCJ9.eyJzdWIiOiIxMjM0NTY3ODkwIiwibmFtZSI6Ik91dGJvdW5kLXRlc3QiLCJpYXQiOjE1MTYyMzkwMjJ9.EsfnwKJ9jR4loC4Plz0Udl-W_60lFvdTpPDvT_1H7Bg,+916282950307,+912262604715,"[{""CONNECT_GROUP"":{""participants"":[{""number"":""+916282950307"",""callerId"":""+912262604747""}]}},{""HANGUP"":""true""}]","{""guId"":""91E7261C-0357-EA11-A811-000D3A0A91461"",""dealerCode"":""6115"",""customerMobile"":""8138961334"",""complianceAgentId"":""123455""}","{""status"":""success"",""requestId"":""630c574ac90ed"",""callId"":""AP5-kVjA72LwWpXzlILcA""}",200,0.28061509132385
"2022-08-29 06:07:58",630c57be77bf3,ZO9hc82SKaCD1jsAu_te3,eyJhbGciOiJIUzI1NiIsInR5cCI6IkpXVCJ9.eyJzdWIiOiIxMjM0NTY3ODkwIiwibmFtZSI6Ik91dGJvdW5kLXRlc3QiLCJpYXQiOjE1MTYyMzkwMjJ9.EsfnwKJ9jR4loC4Plz0Udl-W_60lFvdTpPDvT_1H7Bg,+916282950307,+912262604715,"[{""CONNECT_GROUP"":{""participants"":[{""number"":""+916282950307"",""callerId"":""+912262604747""}]}},{""HANGUP"":""true""}]","{""guId"":""91E7261C-0357-EA11-A811-000D3A0A91461"",""dealerCode"":""6115"",""customerMobile"":""8138961334"",""complianceAgentId"":""123455""}","{""status"":""success"",""requestId"":""630c57be77bf3"",""callId"":""ZO9hc82SKaCD1jsAu_te3""}",200,0.16585683822632
"2022-08-29 06:09:35",630c581f1ab8d,G3KncPXsavu2Dlulp9hJo,eyJhbGciOiJIUzI1NiIsInR5cCI6IkpXVCJ9.eyJzdWIiOiIxMjM0NTY3ODkwIiwibmFtZSI6Ik91dGJvdW5kLXRlc3QiLCJpYXQiOjE1MTYyMzkwMjJ9.EsfnwKJ9jR4loC4Plz0Udl-W_60lFvdTpPDvT_1H7Bg,+916282950307,+912262604715,"[{""CONNECT_GROUP"":{""participants"":[{""number"":""+916282950307"",""callerId"":""+912262604747""}]}},{""HANGUP"":""true""}]","{""guId"":""91E7261C-0357-EA11-A811-000D3A0A91461"",""dealerCode"":""6115"",""customerMobile"":""8138961334"",""complianceAgentId"":""123455""}","{""status"":""success"",""requestId"":""630c581f1ab8d"",""callId"":""G3KncPXsavu2Dlulp9hJo""}",200,0.14230608940125
"2022-08-29 06:13:26",630c590639dbc,sKKlo_-ftyzQauV2wMgEn,eyJhbGciOiJIUzI1NiIsInR5cCI6IkpXVCJ9.eyJzdWIiOiIxMjM0NTY3ODkwIiwibmFtZSI6Ik91dGJvdW5kLXRlc3QiLCJpYXQiOjE1MTYyMzkwMjJ9.EsfnwKJ9jR4loC4Plz0Udl-W_60lFvdTpPDvT_1H7Bg,+916282950307,+912262604715,"[{""CONNECT_GROUP"":{""participants"":[{""number"":""+916282950307"",""callerId"":""+912262604747""}]}},{""HANGUP"":""true""}]","{""guId"":""91E7261C-0357-EA11-A811-000D3A0A91461"",""dealerCode"":""6115"",""customerMobile"":""8138961334"",""complianceAgentId"":""123455""}","{""status"":""success"",""requestId"":""630c590639dbc"",""callId"":""sKKlo_-ftyzQauV2wMgEn""}",200,0.28206300735474
"2022-08-29 06:26:21",630c5c0d52d93,UJslZ3-VL4dz8f9YHKsua,eyJhbGciOiJIUzI1NiIsInR5cCI6IkpXVCJ9.eyJzdWIiOiIxMjM0NTY3ODkwIiwibmFtZSI6Ik91dGJvdW5kLXRlc3QiLCJpYXQiOjE1MTYyMzkwMjJ9.EsfnwKJ9jR4loC4Plz0Udl-W_60lFvdTpPDvT_1H7Bg,+916282950307,+912262604715,"[{""CONNECT_GROUP"":{""participants"":[{""number"":""+916282950307"",""callerId"":""+912262604747""}]}},{""HANGUP"":""true""}]","{""guId"":""91E7261C-0357-EA11-A811-000D3A0A91461"",""dealerCode"":""6115"",""customerMobile"":""8138961334"",""complianceAgentId"":""123455""}","{""status"":""success"",""requestId"":""630c5c0d52d93"",""callId"":""UJslZ3-VL4dz8f9YHKsua""}",200,0.22157788276672
"2022-08-29 06:27:55",630c5c6b344a8,IOlBg8tNYSh2qgtjbM2Sc,eyJhbGciOiJIUzI1NiIsInR5cCI6IkpXVCJ9.eyJzdWIiOiIxMjM0NTY3ODkwIiwibmFtZSI6Ik91dGJvdW5kLXRlc3QiLCJpYXQiOjE1MTYyMzkwMjJ9.EsfnwKJ9jR4loC4Plz0Udl-W_60lFvdTpPDvT_1H7Bg,+916282950307,+912262604715,"[{""CONNECT_GROUP"":{""participants"":[{""number"":""+916282950307"",""callerId"":""+912262604747""}]}},{""HANGUP"":""true""}]","{""guId"":""91E7261C-0357-EA11-A811-000D3A0A91461"",""dealerCode"":""6115"",""customerMobile"":""8138961334"",""complianceAgentId"":""123455""}","{""status"":""success"",""requestId"":""630c5c6b344a8"",""callId"":""IOlBg8tNYSh2qgtjbM2Sc""}",200,0.54102802276611
"2022-08-29 06:31:50",630c5d55b390f,I73fDsk_9jrHWMCEHDtVd,eyJhbGciOiJIUzI1NiIsInR5cCI6IkpXVCJ9.eyJzdWIiOiIxMjM0NTY3ODkwIiwibmFtZSI6Ik91dGJvdW5kLXRlc3QiLCJpYXQiOjE1MTYyMzkwMjJ9.EsfnwKJ9jR4loC4Plz0Udl-W_60lFvdTpPDvT_1H7Bg,+916282950307,+912262604715,"[{""CONNECT_GROUP"":{""participants"":[{""number"":""+916282950307"",""callerId"":""+912262604747""}]}},{""HANGUP"":""true""}]","{""guId"":""91E7261C-0357-EA11-A811-000D3A0A91461"",""dealerCode"":""6115"",""customerMobile"":""8138961334"",""complianceAgentId"":""123455""}","{""status"":""success"",""requestId"":""630c5d55b390f"",""callId"":""I73fDsk_9jrHWMCEHDtVd""}",200,0.52894306182861
"2022-08-29 06:34:13",630c5de4d62e8,MKtmhwOBRPdLE8PGVvbI_,eyJhbGciOiJIUzI1NiIsInR5cCI6IkpXVCJ9.eyJzdWIiOiIxMjM0NTY3ODkwIiwibmFtZSI6Ik91dGJvdW5kLXRlc3QiLCJpYXQiOjE1MTYyMzkwMjJ9.EsfnwKJ9jR4loC4Plz0Udl-W_60lFvdTpPDvT_1H7Bg,+916282950307,+912262604715,"[{""CONNECT_GROUP"":{""participants"":[{""number"":""+916282950307"",""callerId"":""+912262604747""}]}},{""HANGUP"":""true""}]","{""guId"":""91E7261C-0357-EA11-A811-000D3A0A91461"",""dealerCode"":""6115"",""customerMobile"":""8138961334"",""complianceAgentId"":""123455""}","{""status"":""success"",""requestId"":""630c5de4d62e8"",""callId"":""MKtmhwOBRPdLE8PGVvbI_""}",200,0.58234095573425
"2022-08-29 06:43:26",630c600dc7278,XJ3bxOcqtRTTDcaI-4fvR,eyJhbGciOiJIUzI1NiIsInR5cCI6IkpXVCJ9.eyJzdWIiOiIxMjM0NTY3ODkwIiwibmFtZSI6Ik91dGJvdW5kLXRlc3QiLCJpYXQiOjE1MTYyMzkwMjJ9.EsfnwKJ9jR4loC4Plz0Udl-W_60lFvdTpPDvT_1H7Bg,+916282950307,+912262604715,"[{""CONNECT_GROUP"":{""participants"":[{""number"":""+916282950307"",""callerId"":""+912262604747""}]}},{""HANGUP"":""true""}]","{""guId"":""91E7261C-0357-EA11-A811-000D3A0A91461"",""dealerCode"":""6115"",""customerMobile"":""8138961334"",""complianceAgentId"":""123455""}","{""status"":""success"",""requestId"":""630c600dc7278"",""callId"":""XJ3bxOcqtRTTDcaI-4fvR""}",200,0.42390298843384
"2022-08-29 06:44:48",630c606096cda,WWs0aRI_OFvw5-eGP4BDm,eyJhbGciOiJIUzI1NiIsInR5cCI6IkpXVCJ9.eyJzdWIiOiIxMjM0NTY3ODkwIiwibmFtZSI6Ik91dGJvdW5kLXRlc3QiLCJpYXQiOjE1MTYyMzkwMjJ9.EsfnwKJ9jR4loC4Plz0Udl-W_60lFvdTpPDvT_1H7Bg,+916282950307,+912262604715,"[{""CONNECT_GROUP"":{""participants"":[{""number"":""+916282950307"",""callerId"":""+912262604747""}]}},{""HANGUP"":""true""}]","{""guId"":""91E7261C-0357-EA11-A811-000D3A0A91461"",""dealerCode"":""6115"",""customerMobile"":""8138961334"",""complianceAgentId"":""123455""}","{""status"":""success"",""requestId"":""630c606096cda"",""callId"":""WWs0aRI_OFvw5-eGP4BDm""}",200,0.19658803939819
"2022-08-29 06:46:17",630c60b8dc1d3,7XpP9r6Z5BoVrIaKxvObQ,eyJhbGciOiJIUzI1NiIsInR5cCI6IkpXVCJ9.eyJzdWIiOiIxMjM0NTY3ODkwIiwibmFtZSI6Ik91dGJvdW5kLXRlc3QiLCJpYXQiOjE1MTYyMzkwMjJ9.EsfnwKJ9jR4loC4Plz0Udl-W_60lFvdTpPDvT_1H7Bg,+916282950307,+912262604715,"[{""CONNECT_GROUP"":{""participants"":[{""number"":""+916282950307"",""callerId"":""+912262604747""}]}},{""HANGUP"":""true""}]","{""guId"":""91E7261C-0357-EA11-A811-000D3A0A91461"",""dealerCode"":""6115"",""customerMobile"":""8138961334"",""complianceAgentId"":""123455""}","{""status"":""success"",""requestId"":""630c60b8dc1d3"",""callId"":""7XpP9r6Z5BoVrIaKxvObQ""}",200,0.13643288612366
"2022-08-29 06:46:56",630c60e02978b,BA_jDYt6LiAUtH1qmPrqL,eyJhbGciOiJIUzI1NiIsInR5cCI6IkpXVCJ9.eyJzdWIiOiIxMjM0NTY3ODkwIiwibmFtZSI6Ik91dGJvdW5kLXRlc3QiLCJpYXQiOjE1MTYyMzkwMjJ9.EsfnwKJ9jR4loC4Plz0Udl-W_60lFvdTpPDvT_1H7Bg,+916282950307,+912262604715,"[{""CONNECT_GROUP"":{""participants"":[{""number"":""+916282950307"",""callerId"":""+912262604747""}]}},{""HANGUP"":""true""}]","{""guId"":""91E7261C-0357-EA11-A811-000D3A0A91461"",""dealerCode"":""6115"",""customerMobile"":""8138961334"",""complianceAgentId"":""123455""}","{""status"":""success"",""requestId"":""630c60e02978b"",""callId"":""BA_jDYt6LiAUtH1qmPrqL""}",200,0.4170229434967
"2022-08-29 07:00:45",630c641c9ccba,EoR7_3A5d0nZaLRQpnyaB,eyJhbGciOiJIUzI1NiIsInR5cCI6IkpXVCJ9.eyJzdWIiOiIxMjM0NTY3ODkwIiwibmFtZSI6Ik91dGJvdW5kLXRlc3QiLCJpYXQiOjE1MTYyMzkwMjJ9.EsfnwKJ9jR4loC4Plz0Udl-W_60lFvdTpPDvT_1H7Bg,+916282950307,+912262604715,"[{""CONNECT_GROUP"":{""participants"":[{""number"":""+916282950307"",""callerId"":""+912262604747""}]}},{""HANGUP"":""true""}]","{""guId"":""91E7261C-0357-EA11-A811-000D3A0A91461"",""dealerCode"":""6115"",""customerMobile"":""8138961334"",""complianceAgentId"":""123455""}","{""status"":""success"",""requestId"":""630c641c9ccba"",""callId"":""EoR7_3A5d0nZaLRQpnyaB""}",200,0.64800405502319
"2022-08-29 07:05:15",630c652a7a3ce,znvX2JoeBXqSXn1RVHCsZ,eyJhbGciOiJIUzI1NiIsInR5cCI6IkpXVCJ9.eyJzdWIiOiIxMjM0NTY3ODkwIiwibmFtZSI6Ik91dGJvdW5kLXRlc3QiLCJpYXQiOjE1MTYyMzkwMjJ9.EsfnwKJ9jR4loC4Plz0Udl-W_60lFvdTpPDvT_1H7Bg,+916282950307,+912262604715,"[{""CONNECT_GROUP"":{""participants"":[{""number"":""+916282950307"",""callerId"":""+912262604747""}]}},{""HANGUP"":""true""}]","{""guId"":""91E7261C-0357-EA11-A811-000D3A0A91461"",""dealerCode"":""6115"",""customerMobile"":""8138961334"",""complianceAgentId"":""123455""}","{""status"":""success"",""requestId"":""630c652a7a3ce"",""callId"":""znvX2JoeBXqSXn1RVHCsZ""}",200,0.43984794616699
"2022-08-29 07:09:00",630c660cb73d0,eocErIOcvWcLnMDSAfnIy,eyJhbGciOiJIUzI1NiIsInR5cCI6IkpXVCJ9.eyJzdWIiOiIxMjM0NTY3ODkwIiwibmFtZSI6Ik91dGJvdW5kLXRlc3QiLCJpYXQiOjE1MTYyMzkwMjJ9.EsfnwKJ9jR4loC4Plz0Udl-W_60lFvdTpPDvT_1H7Bg,+916282950307,+912262604715,"[{""CONNECT_GROUP"":{""participants"":[{""number"":""+916282950307"",""callerId"":""+912262604747""}]}},{""HANGUP"":""true""}]","{""guId"":""91E7261C-0357-EA11-A811-000D3A0A91461"",""dealerCode"":""6115"",""customerMobile"":""8138961334"",""complianceAgentId"":""123455""}","{""status"":""success"",""requestId"":""630c660cb73d0"",""callId"":""eocErIOcvWcLnMDSAfnIy""}",200,0.17295694351196
"2022-08-29 07:09:52",630c66401f3b7,5chlT1wMxo4wMjx23McmQ,eyJhbGciOiJIUzI1NiIsInR5cCI6IkpXVCJ9.eyJzdWIiOiIxMjM0NTY3ODkwIiwibmFtZSI6Ik91dGJvdW5kLXRlc3QiLCJpYXQiOjE1MTYyMzkwMjJ9.EsfnwKJ9jR4loC4Plz0Udl-W_60lFvdTpPDvT_1H7Bg,+916282950307,+912262604715,"[{""CONNECT_GROUP"":{""participants"":[{""number"":""+916282950307"",""callerId"":""+912262604747""}]}},{""HANGUP"":""true""}]","{""guId"":""91E7261C-0357-EA11-A811-000D3A0A91461"",""dealerCode"":""6115"",""customerMobile"":""8138961334"",""complianceAgentId"":""123455""}","{""status"":""success"",""requestId"":""630c66401f3b7"",""callId"":""5chlT1wMxo4wMjx23McmQ""}",200,0.3238410949707
"2022-08-29 07:10:46",630c66765bbb3,ZO0DHGVEvdJ0YpdvhOHIP,eyJhbGciOiJIUzI1NiIsInR5cCI6IkpXVCJ9.eyJzdWIiOiIxMjM0NTY3ODkwIiwibmFtZSI6Ik91dGJvdW5kLXRlc3QiLCJpYXQiOjE1MTYyMzkwMjJ9.EsfnwKJ9jR4loC4Plz0Udl-W_60lFvdTpPDvT_1H7Bg,+916282950307,+912262604715,"[{""CONNECT_GROUP"":{""participants"":[{""number"":""+916282950307"",""callerId"":""+912262604747""}]}},{""HANGUP"":""true""}]","{""guId"":""91E7261C-0357-EA11-A811-000D3A0A91461"",""dealerCode"":""6115"",""customerMobile"":""8138961334"",""complianceAgentId"":""123455""}","{""status"":""success"",""requestId"":""630c66765bbb3"",""callId"":""ZO0DHGVEvdJ0YpdvhOHIP""}",200,0.34350800514221
"2022-08-29 07:32:39",630c6b953f9d6,QeU_7AL6dXlXqwfXpNeBs,eyJhbGciOiJIUzI1NiIsInR5cCI6IkpXVCJ9.eyJzdWIiOiIxMjM0NTY3ODkwIiwibmFtZSI6Ik91dGJvdW5kLXRlc3QiLCJpYXQiOjE1MTYyMzkwMjJ9.EsfnwKJ9jR4loC4Plz0Udl-W_60lFvdTpPDvT_1H7Bg,+916282950307,+912262604715,"[{""CONNECT_GROUP"":{""participants"":[{""number"":""+916282950307"",""callerId"":""+912262604747""}]}},{""HANGUP"":""true""}]","{""guId"":""91E7261C-0357-EA11-A811-000D3A0A91461"",""dealerCode"":""6115"",""customerMobile"":""8138961334"",""complianceAgentId"":""123455""}","{""status"":""success"",""requestId"":""630c6b953f9d6"",""callId"":""QeU_7AL6dXlXqwfXpNeBs""}",200,1.9797179698944
"2022-08-29 07:33:53",630c6be12396d,vNAan62M0dscrQ91QMuEE,eyJhbGciOiJIUzI1NiIsInR5cCI6IkpXVCJ9.eyJzdWIiOiIxMjM0NTY3ODkwIiwibmFtZSI6Ik91dGJvdW5kLXRlc3QiLCJpYXQiOjE1MTYyMzkwMjJ9.EsfnwKJ9jR4loC4Plz0Udl-W_60lFvdTpPDvT_1H7Bg,+916282950307,+912262604715,"[{""CONNECT_GROUP"":{""participants"":[{""number"":""+916282950307"",""callerId"":""+912262604747""}]}},{""HANGUP"":""true""}]","{""guId"":""91E7261C-0357-EA11-A811-000D3A0A91461"",""dealerCode"":""6115"",""customerMobile"":""8138961334"",""complianceAgentId"":""123455""}","{""status"":""success"",""requestId"":""630c6be12396d"",""callId"":""vNAan62M0dscrQ91QMuEE""}",200,0.66710019111633
"2022-08-29 07:41:24",630c6da340b2a,1Uckn78VBDnittsCZnvw_,eyJhbGciOiJIUzI1NiIsInR5cCI6IkpXVCJ9.eyJzdWIiOiIxMjM0NTY3ODkwIiwibmFtZSI6Ik91dGJvdW5kLXRlc3QiLCJpYXQiOjE1MTYyMzkwMjJ9.EsfnwKJ9jR4loC4Plz0Udl-W_60lFvdTpPDvT_1H7Bg,+916282950307,+912262604715,"[{""CONNECT_GROUP"":{""participants"":[{""number"":""+916282950307"",""callerId"":""+912262604747""}]}},{""HANGUP"":""true""}]","{""guId"":""91E7261C-0357-EA11-A811-000D3A0A91461"",""dealerCode"":""6115"",""customerMobile"":""8138961334"",""complianceAgentId"":""123455""}","{""status"":""success"",""requestId"":""630c6da340b2a"",""callId"":""1Uckn78VBDnittsCZnvw_""}",200,1.0005369186401
"2022-08-29 07:42:22",630c6ddd79ec5,6pG6QsW0lpVMXbev88EgN,eyJhbGciOiJIUzI1NiIsInR5cCI6IkpXVCJ9.eyJzdWIiOiIxMjM0NTY3ODkwIiwibmFtZSI6Ik91dGJvdW5kLXRlc3QiLCJpYXQiOjE1MTYyMzkwMjJ9.EsfnwKJ9jR4loC4Plz0Udl-W_60lFvdTpPDvT_1H7Bg,+916282950307,+912262604715,"[{""CONNECT_GROUP"":{""participants"":[{""number"":""+916282950307"",""callerId"":""+912262604747""}]}},{""HANGUP"":""true""}]","{""guId"":""91E7261C-0357-EA11-A811-000D3A0A91461"",""dealerCode"":""6115"",""customerMobile"":""8138961334"",""complianceAgentId"":""123455""}","{""status"":""success"",""requestId"":""630c6ddd79ec5"",""callId"":""6pG6QsW0lpVMXbev88EgN""}",200,0.65712094306946
"2022-08-29 07:43:21",630c6e18a839e,2oSGo6XsoEsucQuVoQ4iJ,eyJhbGciOiJIUzI1NiIsInR5cCI6IkpXVCJ9.eyJzdWIiOiIxMjM0NTY3ODkwIiwibmFtZSI6Ik91dGJvdW5kLXRlc3QiLCJpYXQiOjE1MTYyMzkwMjJ9.EsfnwKJ9jR4loC4Plz0Udl-W_60lFvdTpPDvT_1H7Bg,+916282950307,+912262604715,"[{""CONNECT_GROUP"":{""participants"":[{""number"":""+916282950307"",""callerId"":""+912262604747""}]}},{""HANGUP"":""true""}]","{""guId"":""91E7261C-0357-EA11-A811-000D3A0A91461"",""dealerCode"":""6115"",""customerMobile"":""8138961334"",""complianceAgentId"":""123455""}","{""status"":""success"",""requestId"":""630c6e18a839e"",""callId"":""2oSGo6XsoEsucQuVoQ4iJ""}",200,0.37163209915161
"2022-08-29 07:44:21",630c6e54ca13f,U7qLE91QOetcRLbMtNV5y,eyJhbGciOiJIUzI1NiIsInR5cCI6IkpXVCJ9.eyJzdWIiOiIxMjM0NTY3ODkwIiwibmFtZSI6Ik91dGJvdW5kLXRlc3QiLCJpYXQiOjE1MTYyMzkwMjJ9.EsfnwKJ9jR4loC4Plz0Udl-W_60lFvdTpPDvT_1H7Bg,+916282950307,+912262604715,"[{""CONNECT_GROUP"":{""participants"":[{""number"":""+916282950307"",""callerId"":""+912262604747""}]}},{""HANGUP"":""true""}]","{""guId"":""91E7261C-0357-EA11-A811-000D3A0A91461"",""dealerCode"":""6115"",""customerMobile"":""8138961334"",""complianceAgentId"":""123455""}","{""status"":""success"",""requestId"":""630c6e54ca13f"",""callId"":""U7qLE91QOetcRLbMtNV5y""}",200,0.30836486816406
"2022-08-29 07:47:09",630c6efcccc18,GRltL8NmY8b6puocu757q,eyJhbGciOiJIUzI1NiIsInR5cCI6IkpXVCJ9.eyJzdWIiOiIxMjM0NTY3ODkwIiwibmFtZSI6Ik91dGJvdW5kLXRlc3QiLCJpYXQiOjE1MTYyMzkwMjJ9.EsfnwKJ9jR4loC4Plz0Udl-W_60lFvdTpPDvT_1H7Bg,+916282950307,+912262604715,"[{""CONNECT_GROUP"":{""participants"":[{""number"":""+916282950307"",""callerId"":""+912262604747""}]}},{""HANGUP"":""true""}]","{""guId"":""91E7261C-0357-EA11-A811-000D3A0A91461"",""dealerCode"":""6115"",""customerMobile"":""8138961334"",""complianceAgentId"":""123455""}","{""status"":""success"",""requestId"":""630c6efcccc18"",""callId"":""GRltL8NmY8b6puocu757q""}",200,0.57606410980225
"2022-08-29 07:48:35",630c6f5319111,HSVCDhCOOJD6zdZZ1Qt0h,eyJhbGciOiJIUzI1NiIsInR5cCI6IkpXVCJ9.eyJzdWIiOiIxMjM0NTY3ODkwIiwibmFtZSI6Ik91dGJvdW5kLXRlc3QiLCJpYXQiOjE1MTYyMzkwMjJ9.EsfnwKJ9jR4loC4Plz0Udl-W_60lFvdTpPDvT_1H7Bg,+916282950307,+912262604715,"[{""CONNECT_GROUP"":{""participants"":[{""number"":""+916282950307"",""callerId"":""+912262604747""}]}},{""HANGUP"":""true""}]","{""guId"":""91E7261C-0357-EA11-A811-000D3A0A91461"",""dealerCode"":""6115"",""customerMobile"":""8138961334"",""complianceAgentId"":""123455""}","{""status"":""success"",""requestId"":""630c6f5319111"",""callId"":""HSVCDhCOOJD6zdZZ1Qt0h""}",200,0.67177891731262
"2022-09-05 07:44:21",6315a8d4c4112,P6DUWVi54ZqG4Sd08gzBF,eyJhbGciOiJIUzI1NiIsInR5cCI6IkpXVCJ9.eyJzdWIiOiIxMjM0NTY3ODkwIiwibmFtZSI6Ik91dGJvdW5kLXRlc3QiLCJpYXQiOjE1MTYyMzkwMjJ9.EsfnwKJ9jR4loC4Plz0Udl-W_60lFvdTpPDvT_1H7Bg,+916282950307,+912262604715,"[{""CONNECT_GROUP"":{""participants"":[{""number"":""+916282950307"",""callerId"":""+912262604747""}]}},{""HANGUP"":""true""}]","{""guId"":""91E7261C-0357-EA11-A811-000D3A0A91461"",""dealerCode"":""6115"",""customerMobile"":""8138961334"",""complianceAgentId"":""123455""}","{""status"":""success"",""requestId"":""6315a8d4c4112"",""callId"":""P6DUWVi54ZqG4Sd08gzBF""}",200,0.40282320976257
"2022-09-05 07:54:32",6315ab38756de,6Nq6ECDbIEMIM0SU3QgzZ,eyJhbGciOiJIUzI1NiIsInR5cCI6IkpXVCJ9.eyJzdWIiOiIxMjM0NTY3ODkwIiwibmFtZSI6Ik91dGJvdW5kLXRlc3QiLCJpYXQiOjE1MTYyMzkwMjJ9.EsfnwKJ9jR4loC4Plz0Udl-W_60lFvdTpPDvT_1H7Bg,+916282950307,+912262604715,"[{""CONNECT_GROUP"":{""participants"":[{""number"":""+916282950307"",""callerId"":""+912262604747""}]}},{""HANGUP"":""true""}]","{""guId"":""91E7261C-0357-EA11-A811-000D3A0A91461"",""dealerCode"":""6115"",""customerMobile"":""8138961334"",""complianceAgentId"":""123455""}","{""status"":""success"",""requestId"":""6315ab38756de"",""callId"":""6Nq6ECDbIEMIM0SU3QgzZ""}",200,0.25086903572083
"2022-09-05 07:55:46",6315ab823577e,udh0JW60vRbwJfMa7ul1F,eyJhbGciOiJIUzI1NiIsInR5cCI6IkpXVCJ9.eyJzdWIiOiIxMjM0NTY3ODkwIiwibmFtZSI6Ik91dGJvdW5kLXRlc3QiLCJpYXQiOjE1MTYyMzkwMjJ9.EsfnwKJ9jR4loC4Plz0Udl-W_60lFvdTpPDvT_1H7Bg,+916282950307,+912262604715,"[{""CONNECT_GROUP"":{""participants"":[{""number"":""+916282950307"",""callerId"":""+912262604747""}]}},{""HANGUP"":""true""}]","{""guId"":""91E7261C-0357-EA11-A811-000D3A0A91461"",""dealerCode"":""6115"",""customerMobile"":""8138961334"",""complianceAgentId"":""123455""}","{""status"":""success"",""requestId"":""6315ab823577e"",""callId"":""udh0JW60vRbwJfMa7ul1F""}",200,0.12655901908875
"2022-09-05 07:56:48",6315abc09088c,-Hm-bxKRI4s5mGPijSZ0p,eyJhbGciOiJIUzI1NiIsInR5cCI6IkpXVCJ9.eyJzdWIiOiIxMjM0NTY3ODkwIiwibmFtZSI6Ik91dGJvdW5kLXRlc3QiLCJpYXQiOjE1MTYyMzkwMjJ9.EsfnwKJ9jR4loC4Plz0Udl-W_60lFvdTpPDvT_1H7Bg,+916282950307,+912262604715,"[{""CONNECT_GROUP"":{""participants"":[{""number"":""+916282950307"",""callerId"":""+912262604747""}]}},{""HANGUP"":""true""}]","{""guId"":""91E7261C-0357-EA11-A811-000D3A0A91461"",""dealerCode"":""6115"",""customerMobile"":""8138961334"",""complianceAgentId"":""123455""}","{""status"":""success"",""requestId"":""6315abc09088c"",""callId"":""-Hm-bxKRI4s5mGPijSZ0p""}",200,0.16815114021301
"2022-09-05 08:11:36",6315af3811599,oRUcwYisF27G3k-87n2ub,eyJhbGciOiJIUzI1NiIsInR5cCI6IkpXVCJ9.eyJzdWIiOiIxMjM0NTY3ODkwIiwibmFtZSI6Ik91dGJvdW5kLXRlc3QiLCJpYXQiOjE1MTYyMzkwMjJ9.EsfnwKJ9jR4loC4Plz0Udl-W_60lFvdTpPDvT_1H7Bg,+916282950307,+912262604715,"[{""CONNECT_GROUP"":{""participants"":[{""number"":""+916282950307"",""callerId"":""+912262604747""}]}},{""HANGUP"":""true""}]","{""guId"":""91E7261C-0357-EA11-A811-000D3A0A91461"",""dealerCode"":""6115"",""customerMobile"":""8138961334"",""complianceAgentId"":""123455""}","{""status"":""success"",""requestId"":""6315af3811599"",""callId"":""oRUcwYisF27G3k-87n2ub""}",200,0.34368300437927
"2022-09-09 08:36:46",631afb1db8a98,,eyJhbGciOiJIUzI1NiIsInR5cCI6IkpXVCJ9.eyJzdWIiOiIxMjM0NTY3ODkwIiwibmFtZSI6Ik91dGJvdW5kLXRlc3QiLCJpYXQiOjE1MTYyMzkwMjJ9.EsfnwKJ9jR4loC4Plz0Udl-W_60lFvdTpPDvT_1H7Bg,+916282950307,+912262604715,"[{""CONNECT_GROUP"":{""participants"":[{""number"":""+916282950307"",""callerId"":""+912262604747""}]}},{""HANGUP"":""true""}]","{""guId"":""91E7261C-0357-EA11-A811-000D3A0A91461"",""dealerCode"":""6115"",""customerMobile"":""8138961334"",""complianceAgentId"":""123455""}","{""status"":""failure"",""requestId"":""631afb1db8a98"",""error"":""{\"message\":\"Application not found\"}""}",404,0.82790899276733
"2022-09-09 08:37:52",631afb5fe89f1,qh-estQCbCrrCTeIP7T0i,eyJhbGciOiJIUzI1NiIsInR5cCI6IkpXVCJ9.eyJzdWIiOiIxMjM0NTY3ODkwIiwibmFtZSI6Ik91dGJvdW5kLXRlc3QiLCJpYXQiOjE1MTYyMzkwMjJ9.EsfnwKJ9jR4loC4Plz0Udl-W_60lFvdTpPDvT_1H7Bg,+916282950307,+912262604715,"[{""CONNECT_GROUP"":{""participants"":[{""number"":""+916282950307"",""callerId"":""+912262604747""}]}},{""HANGUP"":""true""}]","{""guId"":""91E7261C-0357-EA11-A811-000D3A0A91461"",""dealerCode"":""6115"",""customerMobile"":""8138961334"",""complianceAgentId"":""123455""}","{""status"":""success"",""requestId"":""631afb5fe89f1"",""callId"":""qh-estQCbCrrCTeIP7T0i""}",200,0.099410057067871
"2022-09-20 05:31:13",632950209d471,2RtQ-YpLnDHDhcHo-M6R1,eyJhbGciOiJIUzI1NiIsInR5cCI6IkpXVCJ9.eyJzdWIiOiIxMjM0NTY3ODkwIiwibmFtZSI6Ik91dGJvdW5kLXRlc3QiLCJpYXQiOjE1MTYyMzkwMjJ9.EsfnwKJ9jR4loC4Plz0Udl-W_60lFvdTpPDvT_1H7Bg,+916282950307,+912262604715,"[{""CONNECT_GROUP"":{""participants"":[{""number"":""+916282950307"",""callerId"":""+912262604747""}]}},{""HANGUP"":""true""}]","{""guId"":""91E7261C-0357-EA11-A811-000D3A0A91461"",""dealerCode"":""6115"",""customerMobile"":""8138961334"",""complianceAgentId"":""123455""}","{""status"":""success"",""requestId"":""632950209d471"",""callId"":""2RtQ-YpLnDHDhcHo-M6R1""}",200,0.64994382858276
"2022-10-06 07:46:10",633e87c1e10d7,UHg1APM9YxT-9bwRCiF3j,eyJhbGciOiJIUzI1NiIsInR5cCI6IkpXVCJ9.eyJzdWIiOiIxMjM0NTY3ODkwIiwibmFtZSI6Ik91dGJvdW5kLXRlc3QiLCJpYXQiOjE1MTYyMzkwMjJ9.EsfnwKJ9jR4loC4Plz0Udl-W_60lFvdTpPDvT_1H7Bg,+916282950307,+912262604715,"[{""HANGUP"":""true""}]","{""guId"":""91E7261C-0357-EA11-A811-000D3A0A91461"",""dealerCode"":""6115"",""customerMobile"":""8138961334"",""complianceAgentId"":""123455""}","{""status"":""success"",""requestId"":""633e87c1e10d7"",""callId"":""UHg1APM9YxT-9bwRCiF3j""}",200,1.0129070281982
"2022-10-06 07:48:21",633e884466b44,WG7lQ0kuiwjPFcFbqO31f,eyJhbGciOiJIUzI1NiIsInR5cCI6IkpXVCJ9.eyJzdWIiOiIxMjM0NTY3ODkwIiwibmFtZSI6Ik91dGJvdW5kLXRlc3QiLCJpYXQiOjE1MTYyMzkwMjJ9.EsfnwKJ9jR4loC4Plz0Udl-W_60lFvdTpPDvT_1H7Bg,+916282950307,+912262604715,"[{""HANGUP"":""true""}]","{""guId"":""91E7261C-0357-EA11-A811-000D3A0A91461"",""dealerCode"":""6115"",""customerMobile"":""8138961334"",""complianceAgentId"":""123455""}","{""status"":""success"",""requestId"":""633e884466b44"",""callId"":""WG7lQ0kuiwjPFcFbqO31f""}",200,0.62850308418274
"2022-11-01 13:20:43",63611d2a94694,8azprTgd-EsU-Q5W_BFRZ,eyJhbGciOiJIUzI1NiIsInR5cCI6IkpXVCJ9.eyJzdWIiOiIxMjM0NTY3ODkwIiwibmFtZSI6Ik91dGJvdW5kLXRlc3QiLCJpYXQiOjE1MTYyMzkwMjJ9.EsfnwKJ9jR4loC4Plz0Udl-W_60lFvdTpPDvT_1H7Bg,+916282950307,+912262604715,"[{""HANGUP"":""true""}]","{""guId"":""91E7261C-0357-EA11-A811-000D3A0A91461"",""dealerCode"":""6115"",""customerMobile"":""8138961334"",""complianceAgentId"":""123455""}","{""status"":""success"",""requestId"":""63611d2a94694"",""callId"":""8azprTgd-EsU-Q5W_BFRZ""}",200,0.63808703422546
"2022-11-01 13:22:35",63611d9b92193,3oBFS5uKaoqvp9gkAHh_v,eyJhbGciOiJIUzI1NiIsInR5cCI6IkpXVCJ9.eyJzdWIiOiIxMjM0NTY3ODkwIiwibmFtZSI6Ik91dGJvdW5kLXRlc3QiLCJpYXQiOjE1MTYyMzkwMjJ9.EsfnwKJ9jR4loC4Plz0Udl-W_60lFvdTpPDvT_1H7Bg,+916282950307,+912262604715,"[{""HANGUP"":""true""}]","{""guId"":""91E7261C-0357-EA11-A811-000D3A0A91461"",""dealerCode"":""6115"",""customerMobile"":""8138961334"",""complianceAgentId"":""123455""}","{""status"":""success"",""requestId"":""63611d9b92193"",""callId"":""3oBFS5uKaoqvp9gkAHh_v""}",200,0.19047904014587
"2022-11-01 13:23:35",63611dd6e29d8,sRoyCiAb5FtvS0vKdhXs2,eyJhbGciOiJIUzI1NiIsInR5cCI6IkpXVCJ9.eyJzdWIiOiIxMjM0NTY3ODkwIiwibmFtZSI6Ik91dGJvdW5kLXRlc3QiLCJpYXQiOjE1MTYyMzkwMjJ9.EsfnwKJ9jR4loC4Plz0Udl-W_60lFvdTpPDvT_1H7Bg,+916282950307,+912262604715,"[{""HANGUP"":""true""}]","{""guId"":""91E7261C-0357-EA11-A811-000D3A0A91461"",""dealerCode"":""6115"",""customerMobile"":""8138961334"",""complianceAgentId"":""123455""}","{""status"":""success"",""requestId"":""63611dd6e29d8"",""callId"":""sRoyCiAb5FtvS0vKdhXs2""}",200,0.12413787841797
"2022-11-01 13:26:03",63611e6b0545c,MMd863N-BruGA721dk35i,eyJhbGciOiJIUzI1NiIsInR5cCI6IkpXVCJ9.eyJzdWIiOiIxMjM0NTY3ODkwIiwibmFtZSI6Ik91dGJvdW5kLXRlc3QiLCJpYXQiOjE1MTYyMzkwMjJ9.EsfnwKJ9jR4loC4Plz0Udl-W_60lFvdTpPDvT_1H7Bg,+916282950307,+912262604715,"[{""HANGUP"":""true""}]","{""guId"":""91E7261C-0357-EA11-A811-000D3A0A91461"",""dealerCode"":""6115"",""customerMobile"":""8138961334"",""complianceAgentId"":""123455""}","{""status"":""success"",""requestId"":""63611e6b0545c"",""callId"":""MMd863N-BruGA721dk35i""}",200,0.10654997825623
"2022-11-01 13:27:03",63611ea78a7cf,doDcnX-lGMW2IWRD1bvB2,eyJhbGciOiJIUzI1NiIsInR5cCI6IkpXVCJ9.eyJzdWIiOiIxMjM0NTY3ODkwIiwibmFtZSI6Ik91dGJvdW5kLXRlc3QiLCJpYXQiOjE1MTYyMzkwMjJ9.EsfnwKJ9jR4loC4Plz0Udl-W_60lFvdTpPDvT_1H7Bg,+916282950307,+912262604715,"[{""HANGUP"":""true""}]","{""guId"":""91E7261C-0357-EA11-A811-000D3A0A91461"",""dealerCode"":""6115"",""customerMobile"":""8138961334"",""complianceAgentId"":""123455""}","{""status"":""success"",""requestId"":""63611ea78a7cf"",""callId"":""doDcnX-lGMW2IWRD1bvB2""}",200,0.13729500770569
"2022-11-01 13:28:59",63611f1b66a8a,et2Ar_wlXomi69y1ALuD0,eyJhbGciOiJIUzI1NiIsInR5cCI6IkpXVCJ9.eyJzdWIiOiIxMjM0NTY3ODkwIiwibmFtZSI6Ik91dGJvdW5kLXRlc3QiLCJpYXQiOjE1MTYyMzkwMjJ9.EsfnwKJ9jR4loC4Plz0Udl-W_60lFvdTpPDvT_1H7Bg,+916282950307,+912262604715,"[{""CONNECT_GROUP"":{""statergy"":""PRIORITY"",""gatewayId"":1,""participants"":[{""name"":"""",""number"":""+916282950307"",""timeout"":""25""}]}},{""HANGUP"":""true""}]","{""guId"":""91E7261C-0357-EA11-A811-000D3A0A91461"",""dealerCode"":""6115"",""customerMobile"":""8138961334"",""complianceAgentId"":""123455""}","{""status"":""success"",""requestId"":""63611f1b66a8a"",""callId"":""et2Ar_wlXomi69y1ALuD0""}",200,0.12656879425049
"2022-11-01 13:29:54",63611f51c261d,-6i1NK1Eyg2Bs8yJQo1_D,eyJhbGciOiJIUzI1NiIsInR5cCI6IkpXVCJ9.eyJzdWIiOiIxMjM0NTY3ODkwIiwibmFtZSI6Ik91dGJvdW5kLXRlc3QiLCJpYXQiOjE1MTYyMzkwMjJ9.EsfnwKJ9jR4loC4Plz0Udl-W_60lFvdTpPDvT_1H7Bg,+916282950307,+912262604715,"[{""CONNECT_GROUP"":{""statergy"":""PRIORITY"",""gatewayId"":1,""participants"":[{""name"":"""",""number"":""+916282950307"",""timeout"":""25""}]}},{""HANGUP"":""true""}]","{""guId"":""91E7261C-0357-EA11-A811-000D3A0A91461"",""dealerCode"":""6115"",""customerMobile"":""8138961334"",""complianceAgentId"":""123455""}","{""status"":""success"",""requestId"":""63611f51c261d"",""callId"":""-6i1NK1Eyg2Bs8yJQo1_D""}",200,0.3721067905426
"2022-11-01 13:31:58",63611fcddf038,F6MkxKN0jbSMmjuJDz1mZ,eyJhbGciOiJIUzI1NiIsInR5cCI6IkpXVCJ9.eyJzdWIiOiIxMjM0NTY3ODkwIiwibmFtZSI6Ik91dGJvdW5kLXRlc3QiLCJpYXQiOjE1MTYyMzkwMjJ9.EsfnwKJ9jR4loC4Plz0Udl-W_60lFvdTpPDvT_1H7Bg,+916282950307,+912262604715,"[{""CONNECT_GROUP"":{""statergy"":""PRIORITY"",""gatewayId"":1,""participants"":[{""name"":"""",""number"":""+916282950307"",""timeout"":""25""}]}},{""HANGUP"":""true""}]","{""guId"":""91E7261C-0357-EA11-A811-000D3A0A91461"",""dealerCode"":""6115"",""customerMobile"":""8138961334"",""complianceAgentId"":""123455""}","{""status"":""success"",""requestId"":""63611fcddf038"",""callId"":""F6MkxKN0jbSMmjuJDz1mZ""}",200,0.43038821220398
"2022-11-01 13:32:40",63611ff801aac,3HZ9B4ckoGeU4kbMuRsjN,eyJhbGciOiJIUzI1NiIsInR5cCI6IkpXVCJ9.eyJzdWIiOiIxMjM0NTY3ODkwIiwibmFtZSI6Ik91dGJvdW5kLXRlc3QiLCJpYXQiOjE1MTYyMzkwMjJ9.EsfnwKJ9jR4loC4Plz0Udl-W_60lFvdTpPDvT_1H7Bg,+916282950307,+912262604715,"[{""CONNECT_GROUP"":{""statergy"":""PRIORITY"",""gatewayId"":1,""participants"":[{""name"":"""",""number"":""+916282950307"",""timeout"":""25""}]}},{""HANGUP"":""true""}]","{""guId"":""91E7261C-0357-EA11-A811-000D3A0A91461"",""dealerCode"":""6115"",""customerMobile"":""8138961334"",""complianceAgentId"":""123455""}","{""status"":""success"",""requestId"":""63611ff801aac"",""callId"":""3HZ9B4ckoGeU4kbMuRsjN""}",200,0.11999702453613
"2022-11-01 13:33:05",63612011477c5,Db5w25Vm35QmXj3m-jAxJ,eyJhbGciOiJIUzI1NiIsInR5cCI6IkpXVCJ9.eyJzdWIiOiIxMjM0NTY3ODkwIiwibmFtZSI6Ik91dGJvdW5kLXRlc3QiLCJpYXQiOjE1MTYyMzkwMjJ9.EsfnwKJ9jR4loC4Plz0Udl-W_60lFvdTpPDvT_1H7Bg,+916282950307,+912262604715,"[{""CONNECT_GROUP"":{""statergy"":""PRIORITY"",""gatewayId"":1,""participants"":[{""name"":"""",""number"":""+916282950307"",""timeout"":""25""}]}},{""HANGUP"":""true""}]","{""guId"":""91E7261C-0357-EA11-A811-000D3A0A91461"",""dealerCode"":""6115"",""customerMobile"":""8138961334"",""complianceAgentId"":""123455""}","{""status"":""success"",""requestId"":""63612011477c5"",""callId"":""Db5w25Vm35QmXj3m-jAxJ""}",200,0.11490297317505
"2022-11-01 13:34:06",6361204e6769d,lgxDj8uv-csPiTAxuMEgW,eyJhbGciOiJIUzI1NiIsInR5cCI6IkpXVCJ9.eyJzdWIiOiIxMjM0NTY3ODkwIiwibmFtZSI6Ik91dGJvdW5kLXRlc3QiLCJpYXQiOjE1MTYyMzkwMjJ9.EsfnwKJ9jR4loC4Plz0Udl-W_60lFvdTpPDvT_1H7Bg,+916282950307,+912262604715,"[{""CONNECT_GROUP"":{""statergy"":""PRIORITY"",""gatewayId"":1,""participants"":[{""name"":"""",""number"":""+916282950307"",""timeout"":""25""}]}},{""HANGUP"":""true""}]","{""guId"":""91E7261C-0357-EA11-A811-000D3A0A91461"",""dealerCode"":""6115"",""customerMobile"":""8138961334"",""complianceAgentId"":""123455""}","{""status"":""success"",""requestId"":""6361204e6769d"",""callId"":""lgxDj8uv-csPiTAxuMEgW""}",200,0.1109619140625
"2022-11-01 13:36:01",636120c0b8a28,Px0-t0EUWggcDvBrL7vL3,eyJhbGciOiJIUzI1NiIsInR5cCI6IkpXVCJ9.eyJzdWIiOiIxMjM0NTY3ODkwIiwibmFtZSI6Ik91dGJvdW5kLXRlc3QiLCJpYXQiOjE1MTYyMzkwMjJ9.EsfnwKJ9jR4loC4Plz0Udl-W_60lFvdTpPDvT_1H7Bg,+916282950307,+912262604715,"[{""CONNECT_GROUP"":{""statergy"":""PRIORITY"",""gatewayId"":1,""participants"":[{""name"":"""",""number"":""+916282950307"",""timeout"":""25""}]}},{""HANGUP"":""true""}]","{""guId"":""91E7261C-0357-EA11-A811-000D3A0A91461"",""dealerCode"":""6115"",""customerMobile"":""8138961334"",""complianceAgentId"":""123455""}","{""status"":""success"",""requestId"":""636120c0b8a28"",""callId"":""Px0-t0EUWggcDvBrL7vL3""}",200,0.25713109970093
"2022-11-01 13:36:39",636120e74bc3b,j3KscyZhhrHUYEpf-Fc2X,eyJhbGciOiJIUzI1NiIsInR5cCI6IkpXVCJ9.eyJzdWIiOiIxMjM0NTY3ODkwIiwibmFtZSI6Ik91dGJvdW5kLXRlc3QiLCJpYXQiOjE1MTYyMzkwMjJ9.EsfnwKJ9jR4loC4Plz0Udl-W_60lFvdTpPDvT_1H7Bg,+916282950307,+912262604715,"[{""CONNECT_GROUP"":{""statergy"":""PRIORITY"",""gatewayId"":1,""participants"":[{""name"":"""",""number"":""+916282950307"",""timeout"":""25""}]}},{""HANGUP"":""true""}]","{""guId"":""91E7261C-0357-EA11-A811-000D3A0A91461"",""dealerCode"":""6115"",""customerMobile"":""8138961334"",""complianceAgentId"":""123455""}","{""status"":""success"",""requestId"":""636120e74bc3b"",""callId"":""j3KscyZhhrHUYEpf-Fc2X""}",200,0.30015802383423
"2022-11-01 13:48:40",636123b781c9b,Cm_szOIBAl1llu1Yk6KCe,eyJhbGciOiJIUzI1NiIsInR5cCI6IkpXVCJ9.eyJzdWIiOiIxMjM0NTY3ODkwIiwibmFtZSI6Ik91dGJvdW5kLXRlc3QiLCJpYXQiOjE1MTYyMzkwMjJ9.EsfnwKJ9jR4loC4Plz0Udl-W_60lFvdTpPDvT_1H7Bg,+916282950307,+912262604715,"[{""CONNECT_GROUP"":{""statergy"":""PRIORITY"",""gatewayId"":1,""participants"":[{""name"":"""",""number"":""+916282950307"",""timeout"":""25""}]}},{""HANGUP"":""true""}]","{""guId"":""91E7261C-0357-EA11-A811-000D3A0A91461"",""dealerCode"":""6115"",""customerMobile"":""8138961334"",""complianceAgentId"":""123455""}","{""status"":""success"",""requestId"":""636123b781c9b"",""callId"":""Cm_szOIBAl1llu1Yk6KCe""}",200,0.55034685134888
"2022-11-01 13:51:14",636124529e127,BniWB9YQQ7yr4N8AtnG99,eyJhbGciOiJIUzI1NiIsInR5cCI6IkpXVCJ9.eyJzdWIiOiIxMjM0NTY3ODkwIiwibmFtZSI6Ik91dGJvdW5kLXRlc3QiLCJpYXQiOjE1MTYyMzkwMjJ9.EsfnwKJ9jR4loC4Plz0Udl-W_60lFvdTpPDvT_1H7Bg,+916282950307,+912262604715,"[{""CONNECT_GROUP"":{""statergy"":""PRIORITY"",""gatewayId"":1,""participants"":[{""name"":"""",""number"":""+916282950307"",""timeout"":""25""}]}},{""HANGUP"":""true""}]","{""guId"":""91E7261C-0357-EA11-A811-000D3A0A91461"",""dealerCode"":""6115"",""customerMobile"":""8138961334"",""complianceAgentId"":""123455""}","{""status"":""success"",""requestId"":""636124529e127"",""callId"":""BniWB9YQQ7yr4N8AtnG99""}",200,0.26641607284546
"2022-11-01 13:51:51",63612476eb260,Tf8coBZkLIfmHnprj6SvR,eyJhbGciOiJIUzI1NiIsInR5cCI6IkpXVCJ9.eyJzdWIiOiIxMjM0NTY3ODkwIiwibmFtZSI6Ik91dGJvdW5kLXRlc3QiLCJpYXQiOjE1MTYyMzkwMjJ9.EsfnwKJ9jR4loC4Plz0Udl-W_60lFvdTpPDvT_1H7Bg,+916282950307,+912262604715,"[{""CONNECT_GROUP"":{""statergy"":""PRIORITY"",""gatewayId"":1,""participants"":[{""name"":"""",""number"":""+916282950307"",""timeout"":""25""}]}},{""HANGUP"":""true""}]","{""guId"":""91E7261C-0357-EA11-A811-000D3A0A91461"",""dealerCode"":""6115"",""customerMobile"":""8138961334"",""complianceAgentId"":""123455""}","{""status"":""success"",""requestId"":""63612476eb260"",""callId"":""Tf8coBZkLIfmHnprj6SvR""}",200,0.12025594711304
"2023-01-27 08:27:21",63d38ae89a06d,-anE7VNJM0akuLuKG2fT7,eyJhbGciOiJIUzI1NiIsInR5cCI6IkpXVCJ9.eyJzdWIiOiIxMjM0NTY3ODkwIiwibmFtZSI6Ik91dGJvdW5kLXRlc3QiLCJpYXQiOjE1MTYyMzkwMjJ9.EsfnwKJ9jR4loC4Plz0Udl-W_60lFvdTpPDvT_1H7Bg,+916282950307,+912262604715,"[{""CONNECT_GROUP"":{""statergy"":""PRIORITY"",""gatewayId"":1,""participants"":[{""name"":"""",""number"":""+916282950307"",""timeout"":""25""}]}},{""HANGUP"":""true""}]","{""guId"":""91E7261C-0357-EA11-A811-000D3A0A91461"",""dealerCode"":""6115"",""customerMobile"":""8138961334"",""complianceAgentId"":""123455""}","{""status"":""success"",""requestId"":""63d38ae89a06d"",""callId"":""-anE7VNJM0akuLuKG2fT7""}",200,0.57076215744019
"2023-01-27 08:30:35",63d38bab4e208,yjzb3jRKeCrI3hI2k1Bnw,eyJhbGciOiJIUzI1NiIsInR5cCI6IkpXVCJ9.eyJzdWIiOiIxMjM0NTY3ODkwIiwibmFtZSI6Ik91dGJvdW5kLXRlc3QiLCJpYXQiOjE1MTYyMzkwMjJ9.EsfnwKJ9jR4loC4Plz0Udl-W_60lFvdTpPDvT_1H7Bg,+916282950307,+912262604715,"[{""CONNECT_GROUP"":{""statergy"":""PRIORITY"",""gatewayId"":1,""participants"":[{""name"":"""",""number"":""+916282950307"",""timeout"":""25""}]}},{""HANGUP"":""true""}]","{""guId"":""91E7261C-0357-EA11-A811-000D3A0A91461"",""dealerCode"":""6115"",""customerMobile"":""8138961334"",""complianceAgentId"":""123455""}","{""status"":""success"",""requestId"":""63d38bab4e208"",""callId"":""yjzb3jRKeCrI3hI2k1Bnw""}",200,0.1374340057373
"2023-01-27 08:31:03",63d38bc7b52f4,C5WjG96D8GZ5MjPPLGn08,eyJhbGciOiJIUzI1NiIsInR5cCI6IkpXVCJ9.eyJzdWIiOiIxMjM0NTY3ODkwIiwibmFtZSI6Ik91dGJvdW5kLXRlc3QiLCJpYXQiOjE1MTYyMzkwMjJ9.EsfnwKJ9jR4loC4Plz0Udl-W_60lFvdTpPDvT_1H7Bg,+916282950307,+912262604715,"[{""CONNECT_GROUP"":{""statergy"":""PRIORITY"",""gatewayId"":1,""participants"":[{""name"":"""",""number"":""+916282950307"",""timeout"":""25""}]}},{""HANGUP"":""true""}]","{""guId"":""91E7261C-0357-EA11-A811-000D3A0A91461"",""dealerCode"":""6115"",""customerMobile"":""8138961334"",""complianceAgentId"":""123455""}","{""status"":""success"",""requestId"":""63d38bc7b52f4"",""callId"":""C5WjG96D8GZ5MjPPLGn08""}",200,0.1293671131134
"2023-01-27 08:33:45",63d38c695d5dd,4Gpwei4uID94OM_16TA0Q,eyJhbGciOiJIUzI1NiIsInR5cCI6IkpXVCJ9.eyJzdWIiOiIxMjM0NTY3ODkwIiwibmFtZSI6Ik91dGJvdW5kLXRlc3QiLCJpYXQiOjE1MTYyMzkwMjJ9.EsfnwKJ9jR4loC4Plz0Udl-W_60lFvdTpPDvT_1H7Bg,+916282950307,+912262604715,"[{""CONNECT_GROUP"":{""statergy"":""PRIORITY"",""gatewayId"":1,""participants"":[{""name"":"""",""number"":""+916282950307"",""timeout"":""25""}]}},{""HANGUP"":""true""}]","{""guId"":""91E7261C-0357-EA11-A811-000D3A0A91461"",""dealerCode"":""6115"",""customerMobile"":""8138961334"",""complianceAgentId"":""123455""}","{""status"":""success"",""requestId"":""63d38c695d5dd"",""callId"":""4Gpwei4uID94OM_16TA0Q""}",200,0.19589591026306
"2023-04-12 07:54:45",643663c55947d,pY0NiQ20JcmwTgL0gciNx,eyJhbGciOiJIUzI1NiIsInR5cCI6IkpXVCJ9.eyJzdWIiOiIxMjM0NTY3ODkwIiwibmFtZSI6IkRpYWxlciIsImlhdCI6MTUxNjIzOTAyMn0.3zvoGy50DUB1hgYmbU3WIgZoz2n-1jDP1APjrYnz5Bg,+916282950307,+917947044908,"[{""CONNECT_GROUP"":{""participants"":[{""number"":""+918281905203"",""callerId"":""+917947044908""}]}},{""HANGUP"":""true""}]","{""did"":""e3ry74w8y"",""customerMobile"":""+916282950307""}","{""status"":""success"",""requestId"":""643663c55947d"",""callId"":""pY0NiQ20JcmwTgL0gciNx""}",200,0.089232921600342
"2023-04-12 07:56:14",6436641e6b3b2,fpnmHGYmbDsEF9WR4MXOg,eyJhbGciOiJIUzI1NiIsInR5cCI6IkpXVCJ9.eyJzdWIiOiIxMjM0NTY3ODkwIiwibmFtZSI6IkRpYWxlciIsImlhdCI6MTUxNjIzOTAyMn0.3zvoGy50DUB1hgYmbU3WIgZoz2n-1jDP1APjrYnz5Bg,+916282950307,+917947044908,"[{""CONNECT_GROUP"":{""participants"":[{""number"":""+918281905203"",""callerId"":""+917947044908""}]}},{""HANGUP"":""true""}]","{""did"":""e3ry74w8y"",""customerMobile"":""+916282950307""}","{""status"":""success"",""requestId"":""6436641e6b3b2"",""callId"":""fpnmHGYmbDsEF9WR4MXOg""}",200,0.087676048278809
"2023-04-12 07:57:52",6436648057bf5,xXlDJCEVln89UVEsJuErB,eyJhbGciOiJIUzI1NiIsInR5cCI6IkpXVCJ9.eyJzdWIiOiIxMjM0NTY3ODkwIiwibmFtZSI6IkRpYWxlciIsImlhdCI6MTUxNjIzOTAyMn0.3zvoGy50DUB1hgYmbU3WIgZoz2n-1jDP1APjrYnz5Bg,+916282950307,+917947044908,"[{""CONNECT_GROUP"":{""participants"":[{""number"":""+918281905203"",""callerId"":""+917947044908""}]}},{""HANGUP"":""true""}]","{""did"":""e3ry74w8y"",""customerMobile"":""+916282950307""}","{""status"":""success"",""requestId"":""6436648057bf5"",""callId"":""xXlDJCEVln89UVEsJuErB""}",200,0.096717834472656
"2023-04-12 08:07:50",643666d694620,Rs2o_RKmbDYV7kT1tl2ru,eyJhbGciOiJIUzI1NiIsInR5cCI6IkpXVCJ9.eyJzdWIiOiIxMjM0NTY3ODkwIiwibmFtZSI6IkRpYWxlciIsImlhdCI6MTUxNjIzOTAyMn0.3zvoGy50DUB1hgYmbU3WIgZoz2n-1jDP1APjrYnz5Bg,+916282950307,+917947044908,"[{""CONNECT_GROUP"":{""participants"":[{""number"":""+918281905203"",""callerId"":""+917947044908""}]}},{""HANGUP"":""true""}]","{""did"":""e3ry74w8y"",""customerMobile"":""+916282950307""}","{""status"":""success"",""requestId"":""643666d694620"",""callId"":""Rs2o_RKmbDYV7kT1tl2ru""}",200,0.17247295379639
"2023-04-12 09:20:00",643677c096df5,ZLSIqcStKtHRnCbpHyWDn,eyJhbGciOiJIUzI1NiIsInR5cCI6IkpXVCJ9.eyJzdWIiOiIxMjM0NTY3ODkwIiwibmFtZSI6IkRpYWxlciIsImlhdCI6MTUxNjIzOTAyMn0.3zvoGy50DUB1hgYmbU3WIgZoz2n-1jDP1APjrYnz5Bg,+916282950307,+917947044908,"[{""CONNECT_GROUP"":{""participants"":[{""number"":""+918281905203"",""callerId"":""+917947044908""}]}},{""HANGUP"":""true""}]","{""did"":""e3ry74w8y"",""customerMobile"":""+916282950307""}","{""status"":""success"",""requestId"":""643677c096df5"",""callId"":""ZLSIqcStKtHRnCbpHyWDn""}",200,0.096951007843018
"2023-04-12 10:13:07",64368432bd9e0,yuZHJbQ0IB92yqdbk1KkK,eyJhbGciOiJIUzI1NiIsInR5cCI6IkpXVCJ9.eyJzdWIiOiIxMjM0NTY3ODkwIiwibmFtZSI6IkRpYWxlciIsImlhdCI6MTUxNjIzOTAyMn0.3zvoGy50DUB1hgYmbU3WIgZoz2n-1jDP1APjrYnz5Bg,+916282950307,+917947044908,"[{""CONNECT_GROUP"":{""participants"":[{""number"":""+918281905203"",""callerId"":""+917947044908""}]}},{""HANGUP"":""true""}]","{""did"":""e3ry74w8y"",""customerMobile"":""+916282950307""}","{""status"":""success"",""requestId"":""64368432bd9e0"",""callId"":""yuZHJbQ0IB92yqdbk1KkK""}",200,0.26396703720093
"2023-04-12 10:13:37",64368451427b3,8S5RQkoeg8_iom_rfplFc,eyJhbGciOiJIUzI1NiIsInR5cCI6IkpXVCJ9.eyJzdWIiOiIxMjM0NTY3ODkwIiwibmFtZSI6IkRpYWxlciIsImlhdCI6MTUxNjIzOTAyMn0.3zvoGy50DUB1hgYmbU3WIgZoz2n-1jDP1APjrYnz5Bg,+916282950307,+917947044908,"[{""CONNECT_GROUP"":{""participants"":[{""number"":""+918281905203"",""callerId"":""+917947044908""}]}},{""HANGUP"":""true""}]","{""did"":""e3ry74w8y"",""customerMobile"":""+916282950307""}","{""status"":""success"",""requestId"":""64368451427b3"",""callId"":""8S5RQkoeg8_iom_rfplFc""}",200,0.086678981781006
"2023-04-12 10:13:37",6436845159e5c,Z9vKjFCVRraghAUGhidxI,eyJhbGciOiJIUzI1NiIsInR5cCI6IkpXVCJ9.eyJzdWIiOiIxMjM0NTY3ODkwIiwibmFtZSI6IkRpYWxlciIsImlhdCI6MTUxNjIzOTAyMn0.3zvoGy50DUB1hgYmbU3WIgZoz2n-1jDP1APjrYnz5Bg,+916282950307,+917947044908,"[{""CONNECT_GROUP"":{""participants"":[{""number"":""+918281905203"",""callerId"":""+917947044908""}]}},{""HANGUP"":""true""}]","{""did"":""e3ry74w8y"",""customerMobile"":""+916282950307""}","{""status"":""success"",""requestId"":""6436845159e5c"",""callId"":""Z9vKjFCVRraghAUGhidxI""}",200,0.085908889770508
"2023-04-12 10:13:37",64368451715cf,-WjKEhNv7tz9lwLYtIe3Q,eyJhbGciOiJIUzI1NiIsInR5cCI6IkpXVCJ9.eyJzdWIiOiIxMjM0NTY3ODkwIiwibmFtZSI6IkRpYWxlciIsImlhdCI6MTUxNjIzOTAyMn0.3zvoGy50DUB1hgYmbU3WIgZoz2n-1jDP1APjrYnz5Bg,+916282950307,+917947044908,"[{""CONNECT_GROUP"":{""participants"":[{""number"":""+918281905203"",""callerId"":""+917947044908""}]}},{""HANGUP"":""true""}]","{""did"":""e3ry74w8y"",""customerMobile"":""+916282950307""}","{""status"":""success"",""requestId"":""64368451715cf"",""callId"":""-WjKEhNv7tz9lwLYtIe3Q""}",200,0.10401105880737
